-- MySQL dump 10.13  Distrib 5.5.43, for debian-linux-gnu (armv7l)
--
-- Host: localhost    Database: hetekivi.com
-- ------------------------------------------------------
-- Server version	5.5.43-0+deb7u1

/*!40101 SET @OLD_CHARACTER_SET_CLIENT=@@CHARACTER_SET_CLIENT */;
/*!40101 SET @OLD_CHARACTER_SET_RESULTS=@@CHARACTER_SET_RESULTS */;
/*!40101 SET @OLD_COLLATION_CONNECTION=@@COLLATION_CONNECTION */;
/*!40101 SET NAMES utf8 */;
/*!40103 SET @OLD_TIME_ZONE=@@TIME_ZONE */;
/*!40103 SET TIME_ZONE='+00:00' */;
/*!40014 SET @OLD_UNIQUE_CHECKS=@@UNIQUE_CHECKS, UNIQUE_CHECKS=0 */;
/*!40014 SET @OLD_FOREIGN_KEY_CHECKS=@@FOREIGN_KEY_CHECKS, FOREIGN_KEY_CHECKS=0 */;
/*!40101 SET @OLD_SQL_MODE=@@SQL_MODE, SQL_MODE='NO_AUTO_VALUE_ON_ZERO' */;
/*!40111 SET @OLD_SQL_NOTES=@@SQL_NOTES, SQL_NOTES=0 */;

--
-- Table structure for table `animes`
--

DROP TABLE IF EXISTS `animes`;
/*!40101 SET @saved_cs_client     = @@character_set_client */;
/*!40101 SET character_set_client = utf8 */;
CREATE TABLE `animes` (
  `id` int(10) unsigned NOT NULL AUTO_INCREMENT,
  `mal_id` int(10) unsigned NOT NULL,
  `user` varchar(64) COLLATE utf8_swedish_ci NOT NULL,
  `title` varchar(100) COLLATE utf8_swedish_ci NOT NULL,
  `episodes` int(5) unsigned DEFAULT NULL,
  `image` varchar(500) COLLATE utf8_swedish_ci DEFAULT NULL,
  PRIMARY KEY (`id`)
) ENGINE=InnoDB DEFAULT CHARSET=utf8 COLLATE=utf8_swedish_ci;
/*!40101 SET character_set_client = @saved_cs_client */;

--
-- Dumping data for table `animes`
--

LOCK TABLES `animes` WRITE;
/*!40000 ALTER TABLE `animes` DISABLE KEYS */;
/*!40000 ALTER TABLE `animes` ENABLE KEYS */;
UNLOCK TABLES;

--
-- Table structure for table `gifts`
--

DROP TABLE IF EXISTS `gifts`;
/*!40101 SET @saved_cs_client     = @@character_set_client */;
/*!40101 SET character_set_client = utf8 */;
CREATE TABLE `gifts` (
  `id` int(10) unsigned NOT NULL AUTO_INCREMENT,
  `users_id` int(10) unsigned NOT NULL,
  `position` int(10) unsigned NOT NULL,
  `title` varchar(100) COLLATE utf8_swedish_ci NOT NULL,
  `gifts_types_id` int(10) NOT NULL,
  `price` float DEFAULT NULL,
  `url` varchar(500) COLLATE utf8_swedish_ci DEFAULT NULL,
  `image` varchar(500) COLLATE utf8_swedish_ci DEFAULT NULL,
  PRIMARY KEY (`id`)
) ENGINE=InnoDB AUTO_INCREMENT=75 DEFAULT CHARSET=utf8 COLLATE=utf8_swedish_ci;
/*!40101 SET character_set_client = @saved_cs_client */;

--
-- Dumping data for table `gifts`
--

LOCK TABLES `gifts` WRITE;
/*!40000 ALTER TABLE `gifts` DISABLE KEYS */;
INSERT INTO `gifts` VALUES (59,1,5,'Fire Emblem - Awakening',4,42.9,'http://www.verkkokauppa.com/fi/product/33824/dmcvf/Fire-Emblem-Awakening-3DS-peli','http://cdn-c.verkkokauppa.com/960/images/99/2_164323-520x464.jpeg'),(60,1,2,'Fallout 4',1,52,'http://www.verkkokauppa.com/fi/product/30317/fvxmc/Fallout-4-peli-PC','http://cdn-b.verkkokauppa.com/960/images/5/2_257921-693x993.jpg'),(61,1,1,'Rahaa',7,0,'https://fi.wikipedia.org/wiki/Euro','http://flagpedia.net/data/currency/eur/euro-coins-and-banknotes.jpg'),(62,1,4,'Metal Gear Solid V: The Phantom Pain',1,0,'http://store.steampowered.com/app/287700/','https://upload.wikimedia.org/wikipedia/en/e/e1/MGSV_The_Phantom_Pain_boxart.jpg'),(63,1,6,'HITMAN',1,0,'','https://upload.wikimedia.org/wikipedia/en/8/84/Hitman_2015.jpg'),(64,1,7,'Batman: Arkham Knight',1,43.9,'http://www.verkkokauppa.com/fi/product/43794/drsvc/Batman-Arkham-Knight-Day-One-Edition-peli-PC','http://cdn-a.verkkokauppa.com/960/images/91/2_179425-724x1024.jpeg'),(65,1,8,'Far Cry 4',1,29.9,'http://www.verkkokauppa.com/fi/product/54826/fgrmd/Far-Cry-4-peli-PC','http://cdn-d.verkkokauppa.com/960/images/74/2_215938-1534x2157.jpeg'),(68,1,9,'Tulikaste - Andrzej Sapkowski',5,21.9,'http://cdon.fi/kirjat/sapkowski%2c_andrzej/tulikaste-25583089?utm_source=hintaseuranta&utm_medium=cp','http://s.cdon.com/media-dynamic/images/product/book/book/image0/tulikaste-sapkowski_andrzej-25583089-1509731060-frntl.jpg'),(71,1,12,'The Legend of Zelda - Majora\'s Mask 3D',4,42.9,'http://www.verkkokauppa.com/fi/product/51049/fdxgk/The-Legend-of-Zelda-Majora-s-Mask-3D-3DS-peli','http://cdn-d.verkkokauppa.com/300/images/40/2_208711-1596x1459.jpeg'),(72,1,10,'Pääskytorni - Andrzej Sapkowski',5,21.9,'http://cdon.fi/kirjat/sapkowski,_andrzej/p%C3%A4%C3%A4skytorni-30464951','http://s.cdon.com/media-dynamic/images/product/book/book/image3/paaskytorni-sapkowski_andrzej-30464951-3394317238-frntl.jpg'),(73,1,13,'Middle Earth - Shadow of Mordor',1,39.9,'http://www.verkkokauppa.com/fi/product/44985/dsfms/Middle-Earth-Shadow-of-Mordor-peli-PC','http://cdn-c.verkkokauppa.com/300/images/77/2_181132-731x1024.jpeg'),(74,1,14,'Borderlands - The Pre-Sequel',1,19.9,'http://www.verkkokauppa.com/fi/product/23731/dshvx/Borderlands-The-Pre-Sequel-PC-peli','http://cdn-c.verkkokauppa.com/960/images/26/2_181743-720x1024.jpeg');
/*!40000 ALTER TABLE `gifts` ENABLE KEYS */;
UNLOCK TABLES;

--
-- Table structure for table `gifts_types`
--

DROP TABLE IF EXISTS `gifts_types`;
/*!40101 SET @saved_cs_client     = @@character_set_client */;
/*!40101 SET character_set_client = utf8 */;
CREATE TABLE `gifts_types` (
  `id` int(10) unsigned NOT NULL AUTO_INCREMENT,
  `title` varchar(100) COLLATE utf8_swedish_ci NOT NULL,
  PRIMARY KEY (`id`)
) ENGINE=InnoDB AUTO_INCREMENT=8 DEFAULT CHARSET=utf8 COLLATE=utf8_swedish_ci;
/*!40101 SET character_set_client = @saved_cs_client */;

--
-- Dumping data for table `gifts_types`
--

LOCK TABLES `gifts_types` WRITE;
/*!40000 ALTER TABLE `gifts_types` DISABLE KEYS */;
INSERT INTO `gifts_types` VALUES (1,'PC-peli'),(4,'3DS-peli'),(5,'Kirja'),(6,'DS-peli'),(7,'Euro');
/*!40000 ALTER TABLE `gifts_types` ENABLE KEYS */;
UNLOCK TABLES;

--
-- Table structure for table `mangas`
--

DROP TABLE IF EXISTS `mangas`;
/*!40101 SET @saved_cs_client     = @@character_set_client */;
/*!40101 SET character_set_client = utf8 */;
CREATE TABLE `mangas` (
  `id` int(10) unsigned NOT NULL AUTO_INCREMENT,
  `mal_id` int(10) unsigned NOT NULL,
  `user` varchar(64) COLLATE utf8_swedish_ci NOT NULL,
  `title` varchar(100) COLLATE utf8_swedish_ci NOT NULL,
  `chapters` int(5) unsigned DEFAULT NULL,
  `image` varchar(500) COLLATE utf8_swedish_ci DEFAULT NULL,
  PRIMARY KEY (`id`)
) ENGINE=InnoDB AUTO_INCREMENT=1052 DEFAULT CHARSET=utf8 COLLATE=utf8_swedish_ci;
/*!40101 SET character_set_client = @saved_cs_client */;

--
-- Dumping data for table `mangas`
--

LOCK TABLES `mangas` WRITE;
/*!40000 ALTER TABLE `mangas` DISABLE KEYS */;
INSERT INTO `mangas` VALUES (1,0,'WhiteDeathFIN','Wanted!',2,NULL),(2,0,'WhiteDeathFIN','Dragon Ball',3,NULL),(3,0,'WhiteDeathFIN','Bleach',3,NULL),(4,0,'WhiteDeathFIN','Berserk',3,NULL),(5,0,'WhiteDeathFIN','GTO',3,NULL),(6,0,'WhiteDeathFIN','Vinland Saga',3,NULL),(7,0,'WhiteDeathFIN','Mushishi',2,NULL),(8,0,'WhiteDeathFIN','20th Century Boys',2,NULL),(9,0,'WhiteDeathFIN','One Punch-Man',3,NULL),(10,0,'WhiteDeathFIN','Sanctuary',2,NULL),(11,0,'WhiteDeathFIN','Nisekoi',3,NULL),(12,0,'WhiteDeathFIN','Yankee-kun to Megane-chan',2,NULL),(13,0,'WhiteDeathFIN','Hetalia Axis Powers',3,NULL),(14,0,'WhiteDeathFIN','Chikan Otoko',2,NULL),(15,0,'WhiteDeathFIN','Aiki',2,NULL),(16,0,'WhiteDeathFIN','Aiki-S',6,NULL),(17,0,'WhiteDeathFIN','Dorohedoro',3,NULL),(18,0,'WhiteDeathFIN','Girls Saurus',2,NULL),(19,0,'WhiteDeathFIN','Girls Saurus DX',2,NULL),(20,0,'WhiteDeathFIN','Angel Densetsu',2,NULL),(21,0,'WhiteDeathFIN','Ai Kora',2,NULL),(22,0,'WhiteDeathFIN','Love Hina',2,NULL),(23,0,'WhiteDeathFIN','Love Hina: Special Project',2,NULL),(24,0,'WhiteDeathFIN','Denpa Kyoushi',6,NULL),(25,0,'WhiteDeathFIN','Yotsubato!',6,NULL),(26,0,'WhiteDeathFIN','Shin Angyo Onshi',2,NULL),(27,0,'WhiteDeathFIN','Pluto',6,NULL),(28,0,'WhiteDeathFIN','Hoshi no Samidare',2,NULL),(29,0,'WhiteDeathFIN','Ookami to Koushinryou',6,NULL),(30,0,'WhiteDeathFIN','Bonnouji',2,NULL),(31,0,'WhiteDeathFIN','Skip Beat!',6,NULL),(32,0,'WhiteDeathFIN','Unbalance x2',2,NULL),(33,0,'WhiteDeathFIN','Living Game',2,NULL),(34,0,'WhiteDeathFIN','National Quiz',2,NULL),(35,0,'WhiteDeathFIN','Change 123',2,NULL),(36,0,'WhiteDeathFIN','Genshiken',6,NULL),(37,0,'WhiteDeathFIN','Maison Ikkoku',2,NULL),(38,0,'WhiteDeathFIN','xxxHOLiC: Rei',6,NULL),(39,0,'WhiteDeathFIN','xxxHOLiC',6,NULL),(40,0,'WhiteDeathFIN','Orange Yane no Chiisana Ie',2,NULL),(41,0,'WhiteDeathFIN','Ashita Dorobou',2,NULL),(42,0,'WhiteDeathFIN','Nozoki Ana',2,NULL),(43,0,'WhiteDeathFIN','Kyou kara Ore Wa!!',2,NULL),(44,0,'WhiteDeathFIN','Oyasumi Punpun',2,NULL),(45,0,'WhiteDeathFIN','The Breaker',2,NULL),(46,0,'WhiteDeathFIN','Hayate no Gotoku!',6,NULL),(47,0,'WhiteDeathFIN','Ichigo 100%',3,NULL),(48,0,'WhiteDeathFIN','Karin',2,NULL),(49,0,'WhiteDeathFIN','My Heart Is Beating',2,NULL),(50,0,'WhiteDeathFIN','B Reaction',2,NULL),(51,0,'WhiteDeathFIN','The Breaker: New Waves',6,NULL),(52,0,'WhiteDeathFIN','Sayonara Zetsubou Sensei',6,NULL),(53,0,'WhiteDeathFIN','Transfer Student Storm Bringer Reboot',6,NULL),(54,0,'WhiteDeathFIN','Toshiue no Hito',2,NULL),(55,0,'WhiteDeathFIN','Sundome',2,NULL),(56,0,'WhiteDeathFIN','Mousou Shoujo Otaku-kei',6,NULL),(57,0,'WhiteDeathFIN','Transfer Student Storm Bringer',2,NULL),(58,0,'WhiteDeathFIN','Kodomo no Jikan',2,NULL),(59,0,'WhiteDeathFIN','Ocha ni Gosu.',6,NULL),(60,0,'WhiteDeathFIN','Yume de Aetara',2,NULL),(61,0,'WhiteDeathFIN','Onanie Master Kurosawa',2,NULL),(62,0,'WhiteDeathFIN','Sun-ken Rock',6,NULL),(63,0,'WhiteDeathFIN','Wallman',6,NULL),(64,0,'WhiteDeathFIN','Mx0',2,NULL),(65,0,'WhiteDeathFIN','Aku no Hana',2,NULL),(66,0,'WhiteDeathFIN','Wolf Guy: Ookami no Monshou',4,NULL),(67,0,'WhiteDeathFIN','Can\'t See Can\'t Hear But Love',2,NULL),(68,0,'WhiteDeathFIN','DearS',2,NULL),(69,0,'WhiteDeathFIN','Superior',2,NULL),(70,0,'WhiteDeathFIN','Superior Cross',2,NULL),(71,0,'WhiteDeathFIN','Gunnm: Last Order',6,NULL),(72,0,'WhiteDeathFIN','Gunnm',6,NULL),(73,0,'WhiteDeathFIN','Tsubasa: RESERVoir CHRoNiCLE',6,NULL),(74,0,'WhiteDeathFIN','Tsubasa: WoRLD CHRoNiCLE - Nirai Kanai-hen',6,NULL),(75,0,'WhiteDeathFIN','Ranma ½',2,NULL),(76,0,'WhiteDeathFIN','Rosario to Vampire: Season II',2,NULL),(77,0,'WhiteDeathFIN','Rosario to Vampire',2,NULL),(78,0,'WhiteDeathFIN','Binbougami ga!',2,NULL),(79,0,'WhiteDeathFIN','Gantz',6,NULL),(80,0,'WhiteDeathFIN','Noblesse',6,NULL),(81,0,'WhiteDeathFIN','All You Need Is Kill',6,NULL),(82,0,'WhiteDeathFIN','Tonari no Kaibutsu-kun',6,NULL),(83,0,'WhiteDeathFIN','Perowan!: Hayashinasai! Goshujinsama',2,NULL),(84,0,'WhiteDeathFIN','Oretama',2,NULL),(85,0,'WhiteDeathFIN','Hozuki-san Chi no Aneki (+Imouto)',6,NULL),(86,0,'WhiteDeathFIN','Hozuki-san Chi no Aneki',2,NULL),(87,0,'WhiteDeathFIN','Beast Master',2,NULL),(88,0,'WhiteDeathFIN','Trinity Seven: 7-nin no Masho Tsukai',6,NULL),(89,0,'WhiteDeathFIN','Yamada-kun to 7-nin no Majo',6,NULL),(90,0,'WhiteDeathFIN','Aria',3,NULL),(91,0,'WhiteDeathFIN','Mahou Tsukai Kurohime',3,NULL),(92,0,'WhiteDeathFIN','Densha Otoko: Net Hatsu, Kakueki Teisha no Love Story',2,NULL),(93,0,'WhiteDeathFIN','Igano Kabamaru',6,NULL),(94,0,'WhiteDeathFIN','21st Century Boys',2,NULL),(95,0,'WhiteDeathFIN','Pink de Pink',2,NULL),(96,0,'WhiteDeathFIN','Onihime VS',2,NULL),(97,0,'WhiteDeathFIN','Defense Devil',2,NULL),(98,0,'WhiteDeathFIN','Domina no Do!',2,NULL),(99,0,'WhiteDeathFIN','Fujimura-kun Mates',2,NULL),(100,0,'WhiteDeathFIN','Comic☆Studio',2,NULL),(101,0,'WhiteDeathFIN','Yomeiro Choice',2,NULL),(102,0,'WhiteDeathFIN','Koimoku',2,NULL),(103,0,'WhiteDeathFIN','Kimi no Iru Machi',3,NULL),(104,0,'WhiteDeathFIN','666 Satan',3,NULL),(105,0,'WhiteDeathFIN','Hetakoi',2,NULL),(106,0,'WhiteDeathFIN','Himitsu no Akuma-chan',2,NULL),(107,0,'WhiteDeathFIN','Idol Pretender',2,NULL),(108,0,'WhiteDeathFIN','Itoshi no Kana',2,NULL),(109,0,'WhiteDeathFIN','Renai Shimasen ka?',2,NULL),(110,0,'WhiteDeathFIN','Seishun Pop!',3,NULL),(111,0,'WhiteDeathFIN','Otaku no Musume-san',2,NULL),(112,0,'WhiteDeathFIN','Tora Kiss: A School Odyssey',2,NULL),(113,0,'WhiteDeathFIN','Baketeriya',2,NULL),(114,0,'WhiteDeathFIN','Love Riron',2,NULL),(115,0,'WhiteDeathFIN','Miman Renai',2,NULL),(116,0,'WhiteDeathFIN','Seishun Forget!',2,NULL),(117,0,'WhiteDeathFIN','Love Roma',2,NULL),(118,0,'WhiteDeathFIN','Ai yori Aoshi',2,NULL),(119,0,'WhiteDeathFIN','Uwagaki',2,NULL),(120,0,'WhiteDeathFIN','Love♡Lucky!',2,NULL),(121,0,'WhiteDeathFIN','Mahou no Iroha!',2,NULL),(122,0,'WhiteDeathFIN','Shina Dark',2,NULL),(123,0,'WhiteDeathFIN','Candy Boy',2,NULL),(124,0,'WhiteDeathFIN','Nana to Kaoru: Black Label',4,NULL),(125,0,'WhiteDeathFIN','Ichinensei ni Nacchattara',2,NULL),(126,0,'WhiteDeathFIN','Kamen Teacher',2,NULL),(127,0,'WhiteDeathFIN','Nazo no Kanojo X',2,NULL),(128,0,'WhiteDeathFIN','Ore x Yome - Cupid no Itazura',2,NULL),(129,0,'WhiteDeathFIN','Yome ga Kore na mon de.',2,NULL),(130,0,'WhiteDeathFIN','Yoningurashi',2,NULL),(131,0,'WhiteDeathFIN','Jigokuren',2,NULL),(132,0,'WhiteDeathFIN','Boku to Watashi no Henai Jijou',2,NULL),(133,0,'WhiteDeathFIN','Chocolat',2,NULL),(134,0,'WhiteDeathFIN','Alyosha!',2,NULL),(135,0,'WhiteDeathFIN','Sexless Friend',2,NULL),(136,0,'WhiteDeathFIN','Happy World!',2,NULL),(137,0,'WhiteDeathFIN','Needless',1,NULL),(138,0,'WhiteDeathFIN','Frogman',2,NULL),(139,0,'WhiteDeathFIN','Hen Koi!',2,NULL),(140,0,'WhiteDeathFIN','Momo no Musume!',2,NULL),(141,0,'WhiteDeathFIN','Dracu-Riot!',2,NULL),(142,0,'WhiteDeathFIN','Soukyuu no Lapis Lazuli',2,NULL),(143,0,'WhiteDeathFIN','Prunus Girl',2,NULL),(144,0,'WhiteDeathFIN','Boku no Futatsu no Tsubasa',2,NULL),(145,0,'WhiteDeathFIN','Enma no Hanayome to Kimetsukerareta Fukou na Ore no Jinsei Keikaku',2,NULL),(146,0,'WhiteDeathFIN','Pretty Face',2,NULL),(147,0,'WhiteDeathFIN','Kanokon',2,NULL),(148,0,'WhiteDeathFIN','Gakuto no Vector',2,NULL),(149,0,'WhiteDeathFIN','Haruwaka',2,NULL),(150,0,'WhiteDeathFIN','Mel Kano.',2,NULL),(151,0,'WhiteDeathFIN','Shitsuji Shoujo to Ojousama',2,NULL),(152,0,'WhiteDeathFIN','Love Comedy Style',2,NULL),(153,0,'WhiteDeathFIN','Shounen yo Taishi wo dake!',2,NULL),(154,0,'WhiteDeathFIN','Kagami no Kuni no Harisugawa',2,NULL),(155,0,'WhiteDeathFIN','Kisei Kanojo Sana: Parasistence Sana',2,NULL),(156,0,'WhiteDeathFIN','Koibana Onsen',2,NULL),(157,0,'WhiteDeathFIN','Koisome Momiji',2,NULL),(158,0,'WhiteDeathFIN','Mahoutsukai (♂) to Deshi (♀) no Futekisetsu na Kankei',2,NULL),(159,0,'WhiteDeathFIN','Shurabara!',2,NULL),(160,0,'WhiteDeathFIN','Akarui Sekai Keikaku',2,NULL),(161,0,'WhiteDeathFIN','Kimi-iro Focus',2,NULL),(162,0,'WhiteDeathFIN','Hime-dol!!',2,NULL),(163,0,'WhiteDeathFIN','Kami Sen',2,NULL),(164,0,'WhiteDeathFIN','XO Sisters',2,NULL),(165,0,'WhiteDeathFIN','Zen Martial Arts Academy',2,NULL),(166,0,'WhiteDeathFIN','Asu no Yoichi!',2,NULL),(167,0,'WhiteDeathFIN','Boku to Kanojo no Koi Log',2,NULL),(168,0,'WhiteDeathFIN','Heroine Shikkaku',2,NULL),(169,0,'WhiteDeathFIN','Hakoiri Devil Princess',2,NULL),(170,0,'WhiteDeathFIN','Asamiya-san no Imouto',1,NULL),(171,0,'WhiteDeathFIN','50 Million Km',3,NULL),(172,0,'WhiteDeathFIN','Dragon Who',2,NULL),(173,0,'WhiteDeathFIN','Kurogane',3,NULL),(174,0,'WhiteDeathFIN','Maji de Watashi ni Koi Shinasai!',2,NULL),(175,0,'WhiteDeathFIN','Nyatto!',2,NULL),(176,0,'WhiteDeathFIN','Princess Lover! - Pure My Heart',2,NULL),(177,0,'WhiteDeathFIN','Sore wa Totsuzen, Unmei no Aite ga',2,NULL),(178,0,'WhiteDeathFIN','Carnivorous Princess Yegrinna',2,NULL),(179,0,'WhiteDeathFIN','Dakara Boku wa, H ga Dekinai.',2,NULL),(180,0,'WhiteDeathFIN','Franken Fran',3,NULL),(181,0,'WhiteDeathFIN','Futari Ecchi for Ladies',2,NULL),(182,0,'WhiteDeathFIN','Love Junkies',3,NULL),(183,0,'WhiteDeathFIN','Come Come Vanilla!',2,NULL),(184,0,'WhiteDeathFIN','Countrouble',2,NULL),(185,0,'WhiteDeathFIN','Dakara Boku wa, H ga Dekinai.',2,NULL),(186,0,'WhiteDeathFIN','Imasugu Oniichan ni Imouto da tte Iitai!',2,NULL),(187,0,'WhiteDeathFIN','Shinmai Fukei Kiruko-san',2,NULL),(188,0,'WhiteDeathFIN','Yankano!',2,NULL),(189,0,'WhiteDeathFIN','G-Maru Edition',2,NULL),(190,0,'WhiteDeathFIN','Aimane: Akuma na Kanojo wo Produce',2,NULL),(191,0,'WhiteDeathFIN','Ore ga Akuma de, Aitsu ga Yome de',2,NULL),(192,0,'WhiteDeathFIN','In Bura!: Bishoujo Kyuuketsuki no Hazukashii Himitsu',2,NULL),(193,0,'WhiteDeathFIN','Haru to Natsu',6,NULL),(194,0,'WhiteDeathFIN','Hitotsu Yane no Shita no',6,NULL),(195,0,'WhiteDeathFIN','Tomodachi no Hanashi',2,NULL),(196,0,'WhiteDeathFIN','Dengeki Daisy',2,NULL),(197,0,'WhiteDeathFIN','Sumire♡16-sai!!',2,NULL),(198,0,'WhiteDeathFIN','Sumire♡17-sai!!',2,NULL),(199,0,'WhiteDeathFIN','Sasameki Koto',2,NULL),(200,0,'WhiteDeathFIN','Mahoraba',2,NULL),(201,0,'WhiteDeathFIN','Sekai no Hate de Aimashou',2,NULL),(202,0,'WhiteDeathFIN','Strawberry Shake Sweet',2,NULL),(203,0,'WhiteDeathFIN','Hammer Session!',6,NULL),(204,0,'WhiteDeathFIN','No Color',2,NULL),(205,0,'WhiteDeathFIN','Ratman',2,NULL),(206,0,'WhiteDeathFIN','Watashi no Messiah-sama',1,NULL),(207,0,'WhiteDeathFIN','Mondaiji-tachi ga Isekai kara Kuru Sou desu yo? Z',3,NULL),(208,0,'WhiteDeathFIN','Esprit',6,NULL),(209,0,'WhiteDeathFIN','Rozen Maiden',6,NULL),(210,0,'WhiteDeathFIN','Rozen Maiden',6,NULL),(211,0,'WhiteDeathFIN','Thermae Romae',6,NULL),(212,0,'WhiteDeathFIN','Poor Poor Lips',2,NULL),(213,0,'WhiteDeathFIN','Horitsuba Gakuen',2,NULL),(214,0,'WhiteDeathFIN','Eat-Man',1,NULL),(215,0,'WhiteDeathFIN','Watashitachi no Shiawase na Jikan',2,NULL),(216,0,'WhiteDeathFIN','Koe de Oshigoto!',6,NULL),(217,0,'WhiteDeathFIN','Boku to Issho',2,NULL),(218,0,'WhiteDeathFIN','Samurai High School',2,NULL),(219,0,'WhiteDeathFIN','Shuffle!',6,NULL),(220,0,'WhiteDeathFIN','Double Arts',2,NULL),(221,0,'WhiteDeathFIN','Omamori Himari',3,NULL),(222,0,'WhiteDeathFIN','Watashitachi no Tamura-kun',2,NULL),(223,0,'WhiteDeathFIN','Wa!',2,NULL),(224,0,'WhiteDeathFIN','Saikyou Densetsu Kurosawa',2,NULL),(225,0,'WhiteDeathFIN','The Friendly Winter',2,NULL),(226,0,'WhiteDeathFIN','Karakuri Odette',2,NULL),(227,0,'WhiteDeathFIN','Hadi Girl',6,NULL),(228,0,'WhiteDeathFIN','Pugyuru',2,NULL),(229,0,'WhiteDeathFIN','Past Future',2,NULL),(230,0,'WhiteDeathFIN','Sazanami Cherry',2,NULL),(231,0,'WhiteDeathFIN','No Bra',2,NULL),(232,0,'WhiteDeathFIN','Reversible!',2,NULL),(233,0,'WhiteDeathFIN','Onnanoko Tokidoki Otokonoko',2,NULL),(234,0,'WhiteDeathFIN','Otoko no Ko Days',2,NULL),(235,0,'WhiteDeathFIN','Amahara-kun+',2,NULL),(236,0,'WhiteDeathFIN','Oto☆Koi',2,NULL),(237,0,'WhiteDeathFIN','Boku no Geboku ni Nare!',2,NULL),(238,0,'WhiteDeathFIN','Gisou Honey Trap',2,NULL),(239,0,'WhiteDeathFIN','Oneechan ga Mamotte Ageru!',2,NULL),(240,0,'WhiteDeathFIN','Ani Love',2,NULL),(241,0,'WhiteDeathFIN','Mannequin-san, Sekimen Chuu!',2,NULL),(242,0,'WhiteDeathFIN','Family Complete+',2,NULL),(243,0,'WhiteDeathFIN','Fushigi no Kuni no Shounen Arisu',2,NULL),(244,0,'WhiteDeathFIN','Goshujinsama ni Ki wo Tsukete',2,NULL),(245,0,'WhiteDeathFIN','Hatsukoi Lovers',2,NULL),(246,0,'WhiteDeathFIN','Otoko no Ko wa Maid Fuku ga Osuki!?',2,NULL),(247,0,'WhiteDeathFIN','Present Koukan wa Kiken na Kaori...!?',2,NULL),(248,0,'WhiteDeathFIN','Seijou Kouchakan no Jijou',2,NULL),(249,0,'WhiteDeathFIN','Tadashii Ace no Kouryakuhou',2,NULL),(250,0,'WhiteDeathFIN','Shuugaku Ryokou no Yoru',2,NULL),(251,0,'WhiteDeathFIN','Udagawachou de Mattete yo.',2,NULL),(252,0,'WhiteDeathFIN','Seven Days',2,NULL),(253,0,'WhiteDeathFIN','Koe no Katachi',2,NULL),(254,0,'WhiteDeathFIN','My Girl',2,NULL),(255,0,'WhiteDeathFIN','Girl Friends',2,NULL),(256,0,'WhiteDeathFIN','Kamisama ga Uso wo Tsuku.',2,NULL),(257,0,'WhiteDeathFIN','Hourou Musuko',2,NULL),(258,0,'WhiteDeathFIN','Haruka na Machi e',2,NULL),(259,0,'WhiteDeathFIN','Solanin',2,NULL),(260,0,'WhiteDeathFIN','Murasakiiro no Qualia',6,NULL),(261,0,'WhiteDeathFIN','Saishuu Heiki Kanojo',1,NULL),(262,0,'WhiteDeathFIN','Junketsu Drop',2,NULL),(263,0,'WhiteDeathFIN','Jiraishin',1,NULL),(264,0,'WhiteDeathFIN','Jiraishin Diablo',6,NULL),(265,0,'WhiteDeathFIN','Bocchi na Bokura no Renai Jijou',2,NULL),(266,0,'WhiteDeathFIN','Itoshi no Karin',2,NULL),(267,0,'WhiteDeathFIN','Haikei, Niisan-sama',2,NULL),(268,0,'WhiteDeathFIN','Oyaji',2,NULL),(269,0,'WhiteDeathFIN','Bitter Virgin',2,NULL),(270,0,'WhiteDeathFIN','Natsu no Zenjitsu',6,NULL),(271,0,'WhiteDeathFIN','Ai-Ren',2,NULL),(272,0,'WhiteDeathFIN','Ga-Rei',3,NULL),(273,0,'WhiteDeathFIN','Ga-Rei: Tsuina no Shou',3,NULL),(274,0,'WhiteDeathFIN','Running on Empty',2,NULL),(275,0,'WhiteDeathFIN','Tari Tari',6,NULL),(276,0,'WhiteDeathFIN','The Children\'s Teacher, Mr. Kwon',6,NULL),(277,0,'WhiteDeathFIN','Velvet Kiss',2,NULL),(278,0,'WhiteDeathFIN','Soutaisei Moteron',2,NULL),(279,0,'WhiteDeathFIN','Chou Dokyuu Shoujo 4946',2,NULL),(280,0,'WhiteDeathFIN','AI ga Tomaranai!',2,NULL),(281,0,'WhiteDeathFIN','ConVeni-N',2,NULL),(282,0,'WhiteDeathFIN','Trans Venus',2,NULL),(283,0,'WhiteDeathFIN','Tama Hiyo',2,NULL),(284,0,'WhiteDeathFIN','Shishunki no Iron Maiden',2,NULL),(285,0,'WhiteDeathFIN','Princess Lover!',2,NULL),(286,0,'WhiteDeathFIN','Otome wa Boku ni Koishiteru',2,NULL),(287,0,'WhiteDeathFIN','Mika ni Harassment',2,NULL),(288,0,'WhiteDeathFIN','Karakasa no Saien',2,NULL),(289,0,'WhiteDeathFIN','Inumimi',2,NULL),(290,0,'WhiteDeathFIN','Ranobe no Hen!',2,NULL),(291,0,'WhiteDeathFIN','Nguruwa Kaihou',2,NULL),(292,0,'WhiteDeathFIN','Glamorous',2,NULL),(293,0,'WhiteDeathFIN','Saitou-kun wa Esper Rashii',2,NULL),(294,0,'WhiteDeathFIN','Shounen Shoujo 18-kin',2,NULL),(295,0,'WhiteDeathFIN','Shinshi na Meets Girl',2,NULL),(296,0,'WhiteDeathFIN','Momorubu',2,NULL),(297,0,'WhiteDeathFIN','Akikan!',2,NULL),(298,0,'WhiteDeathFIN','Cherry x Cherry',2,NULL),(299,0,'WhiteDeathFIN','Caterpillar Operetta',2,NULL),(300,0,'WhiteDeathFIN','Aiko Desho!',2,NULL),(301,0,'WhiteDeathFIN','Sakurasaku Syndrome',2,NULL),(302,0,'WhiteDeathFIN','Pita-Ten',1,NULL),(303,0,'WhiteDeathFIN','14 Juicy',3,NULL),(304,0,'WhiteDeathFIN','Chokotto Hime',3,NULL),(305,0,'WhiteDeathFIN','Honoka Lv. Up!',3,NULL),(306,0,'WhiteDeathFIN','Manabi Straight!',3,NULL),(307,0,'WhiteDeathFIN','Onegai Twins',2,NULL),(308,0,'WhiteDeathFIN','Rubbers 7',3,NULL),(309,0,'WhiteDeathFIN','Boku no Bandai-san',3,NULL),(310,0,'WhiteDeathFIN','Ciguatera',1,NULL),(311,0,'WhiteDeathFIN','Honeymoon Salad',2,NULL),(312,0,'WhiteDeathFIN','Kimi to Kamihikooki to.',2,NULL),(313,0,'WhiteDeathFIN','Kitsune no Akuma to Kuroi Grimoire',1,NULL),(314,0,'WhiteDeathFIN','Miyuki',2,NULL),(315,0,'WhiteDeathFIN','Yamanko!',2,NULL),(316,0,'WhiteDeathFIN','Yuria 100 Shiki',2,NULL),(317,0,'WhiteDeathFIN','090: Eko to Issho',2,NULL),(318,0,'WhiteDeathFIN','Baroque K/night',2,NULL),(319,0,'WhiteDeathFIN','Hatsukiai',2,NULL),(320,0,'WhiteDeathFIN','Maniac Road',2,NULL),(321,0,'WhiteDeathFIN','Onidere',2,NULL),(322,0,'WhiteDeathFIN','Yuuhi Romance',2,NULL),(323,0,'WhiteDeathFIN','Zoushoku Shoujo Plana-chan!',2,NULL),(324,0,'WhiteDeathFIN','Oniichan☆Control',6,NULL),(325,0,'WhiteDeathFIN','Aki-Sora',2,NULL),(326,0,'WhiteDeathFIN','Bousou Shojo',6,NULL),(327,0,'WhiteDeathFIN','Joshikousei: Girls-High',2,NULL),(328,0,'WhiteDeathFIN','Doujin Work',2,NULL),(329,0,'WhiteDeathFIN','Chiro-chan',1,NULL),(330,0,'WhiteDeathFIN','Q and A',2,NULL),(331,0,'WhiteDeathFIN','Logick',2,NULL),(332,0,'WhiteDeathFIN','Koi wa Misoji wo Sugite kara',6,NULL),(333,0,'WhiteDeathFIN','Seitokai Sousenkyo',2,NULL),(334,0,'WhiteDeathFIN','Usagi Drop',2,NULL),(335,0,'WhiteDeathFIN','Opapagoto',6,NULL),(336,0,'WhiteDeathFIN','Lock On!',2,NULL),(337,0,'WhiteDeathFIN','Hadaka no Taiyou',6,NULL),(338,0,'WhiteDeathFIN','Neko Ane.',6,NULL),(339,0,'WhiteDeathFIN','Ru~mu! Room No.1301',6,NULL),(340,0,'WhiteDeathFIN','Denpa Onna to Seishun Otoko',6,NULL),(341,0,'WhiteDeathFIN','Kyou no Asuka Show',2,NULL),(342,0,'WhiteDeathFIN','Silva.',1,NULL),(343,0,'WhiteDeathFIN','Nicoichi',6,NULL),(344,0,'WhiteDeathFIN','F. Compo',2,NULL),(345,0,'WhiteDeathFIN','Dousei Recipe',2,NULL),(346,0,'WhiteDeathFIN','Gohan Shiyo!',2,NULL),(347,0,'WhiteDeathFIN','Nemurubaka',2,NULL),(348,0,'WhiteDeathFIN','Familyman',2,NULL),(349,0,'WhiteDeathFIN','Fu-fu',2,NULL),(350,0,'WhiteDeathFIN','Hajimete Koi wo Shita.',2,NULL),(351,0,'WhiteDeathFIN','Idol no Akahon',2,NULL),(352,0,'WhiteDeathFIN','Kiryuuin Kaya ni Chi wo Suwareru dake no Kantan na Oshigoto',2,NULL),(353,0,'WhiteDeathFIN','Mouhitsu Hallucination',2,NULL),(354,0,'WhiteDeathFIN','Mirai Nikki',2,NULL),(355,0,'WhiteDeathFIN','Shimaism',2,NULL),(356,0,'WhiteDeathFIN','Shinigami-sama to 4-nin no Kanojo',2,NULL),(357,0,'WhiteDeathFIN','Orange Marmalade',2,NULL),(358,0,'WhiteDeathFIN','Koisuru Boukun',1,NULL),(359,0,'WhiteDeathFIN','Shigatsu wa Kimi no Uso',1,NULL),(360,0,'WhiteDeathFIN','IS: Otoko demo Onna demo nai Sei',6,NULL),(361,0,'WhiteDeathFIN','Yome♂',2,NULL),(362,0,'WhiteDeathFIN','Ai no Shintairiku',2,NULL),(363,0,'WhiteDeathFIN','Barairo Emperor',2,NULL),(364,0,'WhiteDeathFIN','Damatte Watashi no Iu Koto Kikinasai!',2,NULL),(365,0,'WhiteDeathFIN','Hammer Maid!',2,NULL),(366,0,'WhiteDeathFIN','Houkago, 2-C no Kyoushitsu de.',2,NULL),(367,0,'WhiteDeathFIN','Onnanoko Kenkyuukai',2,NULL),(368,0,'WhiteDeathFIN','Ore to Fuuki Iin no.',2,NULL),(369,0,'WhiteDeathFIN','Warera Nishizaki Kiba Gundan',2,NULL),(370,0,'WhiteDeathFIN','Josou Danshi Anthology Syrup!',2,NULL),(371,0,'WhiteDeathFIN','Tsukimono!',2,NULL),(372,0,'WhiteDeathFIN','Short Cuts',2,NULL),(373,0,'WhiteDeathFIN','Gokkun! Pucho',1,NULL),(374,0,'WhiteDeathFIN','Yo no Na wa Zushio',1,NULL),(375,0,'WhiteDeathFIN','Bamboo Blade',2,NULL),(376,0,'WhiteDeathFIN','Hana to Hoshi',2,NULL),(377,0,'WhiteDeathFIN','Boku ni Koisuru Mechanical',2,NULL),(378,0,'WhiteDeathFIN','Nangoku Shounen Papuwa-kun',1,NULL),(379,0,'WhiteDeathFIN','Sensei wa Dummy',2,NULL),(380,0,'WhiteDeathFIN','Tasogare Otome x Amnesia',2,NULL),(381,0,'WhiteDeathFIN','Hapi Mari: Happy Marriage!?',2,NULL),(382,0,'WhiteDeathFIN','Rough',1,NULL),(383,0,'WhiteDeathFIN','Oishii Kankei',1,NULL),(384,0,'WhiteDeathFIN','Game Over',2,NULL),(385,0,'WhiteDeathFIN','I\'\'s',1,NULL),(386,0,'WhiteDeathFIN','\"Bungaku Shoujo\" to Shi ni Tagari no Pierrot',2,NULL),(387,0,'WhiteDeathFIN','Michikusa',2,NULL),(388,0,'WhiteDeathFIN','Ane Doki!',2,NULL),(389,0,'WhiteDeathFIN','Billionaire Girl',2,NULL),(390,0,'WhiteDeathFIN','Glass no Megami',2,NULL),(391,0,'WhiteDeathFIN','Hoshikawa Ginza Yonchoume',2,NULL),(392,0,'WhiteDeathFIN','I-Revo: Ice Revolution',2,NULL),(393,0,'WhiteDeathFIN','Mama wa Doukyuusei',2,NULL),(394,0,'WhiteDeathFIN','Ore no Kanojo to Osananajimi ga Shuraba sugiru+H',2,NULL),(395,0,'WhiteDeathFIN','Boku wa Tomodachi ga Sukunai+',2,NULL),(396,0,'WhiteDeathFIN','Kono Kanojo wa Fiction desu.',2,NULL),(397,0,'WhiteDeathFIN','Lolicon Saga',4,NULL),(398,0,'WhiteDeathFIN','Otogi no Machi no Rena',2,NULL),(399,0,'WhiteDeathFIN','Amairo*IsleNauts',2,NULL),(400,0,'WhiteDeathFIN','Taiyou no Ie',2,NULL),(401,0,'WhiteDeathFIN','Virgin na Kankei',4,NULL),(402,0,'WhiteDeathFIN','Mangaka-san to Assistant-san to',2,NULL),(403,0,'WhiteDeathFIN','Mangaka-san to Assistant-san to 2',2,NULL),(404,0,'WhiteDeathFIN','Aho Girl',6,NULL),(405,0,'WhiteDeathFIN','Shinonome Yuuko wa Tanpen Shousetsu wo Aishite Iru',2,NULL),(406,0,'WhiteDeathFIN','Virgin Blood: Hiiro no Bansan',2,NULL),(407,0,'WhiteDeathFIN','Yubisaki Milk Tea',2,NULL),(408,0,'WhiteDeathFIN','Hitorimi Haduki-san to.',2,NULL),(409,0,'WhiteDeathFIN','Raubritter*',2,NULL),(410,0,'WhiteDeathFIN','Mayoi Neko Overrun!',2,NULL),(411,0,'WhiteDeathFIN','Ayu Mayu',2,NULL),(412,0,'WhiteDeathFIN','Bra Girl',2,NULL),(413,0,'WhiteDeathFIN','\"Boku wa Senpai ni Josou wo Shiirareteimasu.\"',2,NULL),(414,0,'WhiteDeathFIN','Double Baby',2,NULL),(415,0,'WhiteDeathFIN','Houou Gakuen MiSORA-gumi',2,NULL),(416,0,'WhiteDeathFIN','Kanojo wa Sore wo Gaman Dekinai',2,NULL),(417,0,'WhiteDeathFIN','Mou Speed de Karera wa',2,NULL),(418,0,'WhiteDeathFIN','Ookamidomo no Shitsukekata',2,NULL),(419,0,'WhiteDeathFIN','Spas-Pa',2,NULL),(420,0,'WhiteDeathFIN','Me-Teru no Kimochi',2,NULL),(421,0,'WhiteDeathFIN','Brocon!?',2,NULL),(422,0,'WhiteDeathFIN','Corpse Party: Musume',2,NULL),(423,0,'WhiteDeathFIN','Galge no Sekai yo, Youkoso!',2,NULL),(424,0,'WhiteDeathFIN','Houkago Idol',2,NULL),(425,0,'WhiteDeathFIN','Koibito Play',2,NULL),(426,0,'WhiteDeathFIN','Moriguchi Orito no Teiougaku',2,NULL),(427,0,'WhiteDeathFIN','Nami Iro',2,NULL),(428,0,'WhiteDeathFIN','China Girl',2,NULL),(429,0,'WhiteDeathFIN','Okujou-hime',2,NULL),(430,0,'WhiteDeathFIN','Shounen to Yoru no Mahou',2,NULL),(431,0,'WhiteDeathFIN','Subete ni Iya Girl',2,NULL),(432,0,'WhiteDeathFIN','Tenshi no Kyuu',2,NULL),(433,0,'WhiteDeathFIN','Mizuho Ambivalence',2,NULL),(434,0,'WhiteDeathFIN','Mon Seul',2,NULL),(435,0,'WhiteDeathFIN','NEET Onna to Shougaku Ninensei',2,NULL),(436,0,'WhiteDeathFIN','Jitaku Keibi-hime Terrass',2,NULL),(437,0,'WhiteDeathFIN','Alice no 100°Cc',2,NULL),(438,0,'WhiteDeathFIN','Be Our Guest',2,NULL),(439,0,'WhiteDeathFIN','Kamisama Damono♥',1,NULL),(440,0,'WhiteDeathFIN','Bijo, Tokidoki Yajuu',1,NULL),(441,0,'WhiteDeathFIN','Chocotto Sister',2,NULL),(442,0,'WhiteDeathFIN','Densen Complex',2,NULL),(443,0,'WhiteDeathFIN','Dolls Code',2,NULL),(444,0,'WhiteDeathFIN','GE: Good Ending',2,NULL),(445,0,'WhiteDeathFIN','Girls und Panzer: Motto Love Love Sakusen desu!',2,NULL),(446,0,'WhiteDeathFIN','Girls Bravo',1,NULL),(447,0,'WhiteDeathFIN','Kanaete Aizen',2,NULL),(448,0,'WhiteDeathFIN','Guruguru Meguru',2,NULL),(449,0,'WhiteDeathFIN','Hajimete no Aku',1,NULL),(450,0,'WhiteDeathFIN','Hajimete no Chuu Ijou',2,NULL),(451,0,'WhiteDeathFIN','Hanamai Koeda de Aimashou',2,NULL),(452,0,'WhiteDeathFIN','Hen',2,NULL),(453,0,'WhiteDeathFIN','Joshikousei Kagishi Saki',2,NULL),(454,0,'WhiteDeathFIN','Koi Kaze',2,NULL),(455,0,'WhiteDeathFIN','Koisuru Boukun dj - Aru Hi, Mori no Naka.',4,NULL),(456,0,'WhiteDeathFIN','Koko ni Iru yo!',1,NULL),(457,0,'WhiteDeathFIN','Kuroyome',2,NULL),(458,0,'WhiteDeathFIN','Kyou kara Onnanoko!?',2,NULL),(459,0,'WhiteDeathFIN','Lasboss x Hero',1,NULL),(460,0,'WhiteDeathFIN','Life Is Money',2,NULL),(461,0,'WhiteDeathFIN','Machigatta Light Novel no Tsukurikata',2,NULL),(462,0,'WhiteDeathFIN','Maigo',2,NULL),(463,0,'WhiteDeathFIN','Gelatin',3,NULL),(464,0,'WhiteDeathFIN','Love Allergen',2,NULL),(465,0,'WhiteDeathFIN','Ebisu-san to Hotei-san',2,NULL),(466,0,'WhiteDeathFIN','Zettai Joousei',2,NULL),(467,0,'WhiteDeathFIN','Iinari Princess',2,NULL),(468,0,'WhiteDeathFIN','Onnanoko ga Shinu Hanashi',2,NULL),(469,0,'WhiteDeathFIN','Onikiri-sama wa Hakoiri Musume',2,NULL),(470,0,'WhiteDeathFIN','Need a Girl',6,NULL),(471,0,'WhiteDeathFIN','Chikyuu wo Nomu',1,NULL),(472,0,'WhiteDeathFIN','Hatsukoi Limited',2,NULL),(473,0,'WhiteDeathFIN','Hanayashiki no Juunin-tachi',2,NULL),(474,0,'WhiteDeathFIN','Girl x Girl x Boy: Otome no Inori',2,NULL),(475,0,'WhiteDeathFIN','Ginen Shounen',2,NULL),(476,0,'WhiteDeathFIN','Ganota no Onna',2,NULL),(477,0,'WhiteDeathFIN','Fortune Arterial',1,NULL),(478,0,'WhiteDeathFIN','Femme Fatale: Unmei no Onna',2,NULL),(479,0,'WhiteDeathFIN','Doubt!',2,NULL),(480,0,'WhiteDeathFIN','Destruction Princess',2,NULL),(481,0,'WhiteDeathFIN','Darenimo Ienai',2,NULL),(482,0,'WhiteDeathFIN','Da Capo',1,NULL),(483,0,'WhiteDeathFIN','Da Capo Second Graduation',6,NULL),(484,0,'WhiteDeathFIN','Coulomb Fille',2,NULL),(485,0,'WhiteDeathFIN','Mei no Naisho',2,NULL),(486,0,'WhiteDeathFIN','Tsugihagi na Kanojo',2,NULL),(487,0,'WhiteDeathFIN','Monochrome Myst',2,NULL),(488,0,'WhiteDeathFIN','Haru no Houtai Shoujo',2,NULL),(489,0,'WhiteDeathFIN','Choku!',2,NULL),(490,0,'WhiteDeathFIN','Umibe no Onnanoko',2,NULL),(491,0,'WhiteDeathFIN','Koganeiro',2,NULL),(492,0,'WhiteDeathFIN','Lilim Kiss',2,NULL),(493,0,'WhiteDeathFIN','Majime na Jikan',2,NULL),(494,0,'WhiteDeathFIN','Love Plus: Rinko Days',2,NULL),(495,0,'WhiteDeathFIN','Yoo Ah Dok-Jon',2,NULL),(496,0,'WhiteDeathFIN','Salad Days',1,NULL),(497,0,'WhiteDeathFIN','Love Plus: Kanojo no Kako',2,NULL),(498,0,'WhiteDeathFIN','Gonensei',2,NULL),(499,0,'WhiteDeathFIN','Parallel',2,NULL),(500,0,'WhiteDeathFIN','Shi ni Itaru Yamai',2,NULL),(501,0,'WhiteDeathFIN','Akuma Jiten',2,NULL),(502,0,'WhiteDeathFIN','Amaenaide yo!! MS',6,NULL),(503,0,'WhiteDeathFIN','Amaenaide yo!!',6,NULL),(504,0,'WhiteDeathFIN','Kono Oneesan wa Fiction desu!?',2,NULL),(505,0,'WhiteDeathFIN','Sore ga Kanojo no Seigi nara',2,NULL),(506,0,'WhiteDeathFIN','Ichigo no Gakkou',2,NULL),(507,0,'WhiteDeathFIN','Tayutama -Kiss on my Deity-',2,NULL),(508,0,'WhiteDeathFIN','Sayonara Piano Sonata',2,NULL),(509,0,'WhiteDeathFIN','Baka ga Zenra de Yattekuru',2,NULL),(510,0,'WhiteDeathFIN','Boku x Kano',2,NULL),(511,0,'WhiteDeathFIN','Ane Kurabe',2,NULL),(512,0,'WhiteDeathFIN','Fukigen Cinderella',2,NULL),(513,0,'WhiteDeathFIN','Ume Shigure',2,NULL),(514,0,'WhiteDeathFIN','Kanpeki na Kanojo',2,NULL),(515,0,'WhiteDeathFIN','Tadashikunai Renai no Susume',2,NULL),(516,0,'WhiteDeathFIN','Yosuga no Sora: In Solitude, Where We Are Least Alone.',2,NULL),(517,0,'WhiteDeathFIN','Ojousama to Youkai Shitsuji',2,NULL),(518,0,'WhiteDeathFIN','Itou-san',2,NULL),(519,0,'WhiteDeathFIN','Megane-chan',2,NULL),(520,0,'WhiteDeathFIN','Saenai Heroine no Sodatekata: Egoistic-Lily',2,NULL),(521,0,'WhiteDeathFIN','Nana Mix!',2,NULL),(522,0,'WhiteDeathFIN','Nadenade Shikoshiko.',2,NULL),(523,0,'WhiteDeathFIN','Gekkoh',4,NULL),(524,0,'WhiteDeathFIN','Koharu no Hibi',2,NULL),(525,0,'WhiteDeathFIN','Show Me The Money',2,NULL),(526,0,'WhiteDeathFIN','Inugami-hime no Shimobe',2,NULL),(527,0,'WhiteDeathFIN','Akaneiro ni Somaru Saka',2,NULL),(528,0,'WhiteDeathFIN','Reiroukan Kenzainariya',2,NULL),(529,0,'WhiteDeathFIN','Jinrui Nekoka',2,NULL),(530,0,'WhiteDeathFIN','Futaba-kun Change♡',2,NULL),(531,0,'WhiteDeathFIN','Kunoichi Joshikousei Otonashi-san',2,NULL),(532,0,'WhiteDeathFIN','White Album',2,NULL),(533,0,'WhiteDeathFIN','B-Shock',2,NULL),(534,0,'WhiteDeathFIN','Girlfriend',2,NULL),(535,0,'WhiteDeathFIN','Honey Coming: Sweet Love Lesson',2,NULL),(536,0,'WhiteDeathFIN','Yururizumu',2,NULL),(537,0,'WhiteDeathFIN','Kyuusen no Shima',2,NULL),(538,0,'WhiteDeathFIN','Yuutai Nova',2,NULL),(539,0,'WhiteDeathFIN','KimiKiss: Various Heroines',2,NULL),(540,0,'WhiteDeathFIN','KimiKiss: Sweet Lips',6,NULL),(541,0,'WhiteDeathFIN','Byousoku 5 Centimeter',1,NULL),(542,0,'WhiteDeathFIN','Wanko Number One',6,NULL),(543,0,'WhiteDeathFIN','Wagatsuma-san wa Ore no Yome',1,NULL),(544,0,'WhiteDeathFIN','Hoshi no Furu Machi',1,NULL),(545,0,'WhiteDeathFIN','Tende Freeze!',2,NULL),(546,0,'WhiteDeathFIN','Watashi no Taisetsu na Tomodachi',2,NULL),(547,0,'WhiteDeathFIN','Girls Go Around',2,NULL),(548,0,'WhiteDeathFIN','Asatte no Houkou.',2,NULL),(549,0,'WhiteDeathFIN','Avant-garde Yumeko',2,NULL),(550,0,'WhiteDeathFIN','Kyou no Go no Ni',2,NULL),(551,0,'WhiteDeathFIN','BlazBlue: Remix Heart',1,NULL),(552,0,'WhiteDeathFIN','Shounen Shoujo Hyouryuuki',2,NULL),(553,0,'WhiteDeathFIN','G Senjou Heaven\'s Door',2,NULL),(554,0,'WhiteDeathFIN','Megu♥Milk',2,NULL),(555,0,'WhiteDeathFIN','Pushu~ke~!! Psyche!',2,NULL),(556,0,'WhiteDeathFIN','Project Doll Phone',2,NULL),(557,0,'WhiteDeathFIN','Wanderful Days',2,NULL),(558,0,'WhiteDeathFIN','Kimi ni shika Kikoenai',2,NULL),(559,0,'WhiteDeathFIN','Sukima Suki',2,NULL),(560,0,'WhiteDeathFIN','Ohikkoshi',2,NULL),(561,0,'WhiteDeathFIN','Kamichu!',2,NULL),(562,0,'WhiteDeathFIN','Tsunbaka',2,NULL),(563,0,'WhiteDeathFIN','Neji to Lantern',2,NULL),(564,0,'WhiteDeathFIN','Another Sky',3,NULL),(565,0,'WhiteDeathFIN','Futagami Double',2,NULL),(566,0,'WhiteDeathFIN','Sweet Guilty Love Bites',2,NULL),(567,0,'WhiteDeathFIN','Hatsukoi Shinjuu',2,NULL),(568,0,'WhiteDeathFIN','Straight No Chaser',2,NULL),(569,0,'WhiteDeathFIN','Koi. - Itoshii Itoshii to Iu Kokoro',2,NULL),(570,0,'WhiteDeathFIN','Yotsunoha',2,NULL),(571,0,'WhiteDeathFIN','Miyata Shoten e Youkoso!',6,NULL),(572,0,'WhiteDeathFIN','Jinbee',2,NULL),(573,0,'WhiteDeathFIN','Ai no Shittakabutta: Akeru to Kimochi ga Raku ni Naru',2,NULL),(574,0,'WhiteDeathFIN','Cecile no Kimochi',2,NULL),(575,0,'WhiteDeathFIN','Princess School',2,NULL),(576,0,'WhiteDeathFIN','Tenshi na Konamaiki',6,NULL),(577,0,'WhiteDeathFIN','Ran to Haiiro no Sekai',2,NULL),(578,0,'WhiteDeathFIN','Sankarea',2,NULL),(579,0,'WhiteDeathFIN','Popcorn Avatar',2,NULL),(580,0,'WhiteDeathFIN','Shinigami to Chocolate Parfait',2,NULL),(581,0,'WhiteDeathFIN','Shisen no Shoukanshi',1,NULL),(582,0,'WhiteDeathFIN','Yawarakai Onna',2,NULL),(583,0,'WhiteDeathFIN','Kashimashi: Girl Meets Girl',2,NULL),(584,0,'WhiteDeathFIN','Ann Cassandra',2,NULL),(585,0,'WhiteDeathFIN','Baka to Gogh',2,NULL),(586,0,'WhiteDeathFIN','Brand New School Day',2,NULL),(587,0,'WhiteDeathFIN','High Spec Lovers',2,NULL),(588,0,'WhiteDeathFIN','Hanseishite Kameda-kun',2,NULL),(589,0,'WhiteDeathFIN','Anne-chan Tarou',2,NULL),(590,0,'WhiteDeathFIN','Chu-Bra!!',2,NULL),(591,0,'WhiteDeathFIN','Goshimei desu!',2,NULL),(592,0,'WhiteDeathFIN','Peace no Oshigoto',2,NULL),(593,0,'WhiteDeathFIN','Itsudatte My Santa!',2,NULL),(594,0,'WhiteDeathFIN','Nijipuri',2,NULL),(595,0,'WhiteDeathFIN','Ijimekko',2,NULL),(596,0,'WhiteDeathFIN','Chiyo-chan no Yomeiri',1,NULL),(597,0,'WhiteDeathFIN','Minus Literacy',2,NULL),(598,0,'WhiteDeathFIN','Doki Doki Summer Beach',2,NULL),(599,0,'WhiteDeathFIN','Konjaku Overhaul',2,NULL),(600,0,'WhiteDeathFIN','Megane x Parfait!',2,NULL),(601,0,'WhiteDeathFIN','Onaidoshi no Oneesan',2,NULL),(602,0,'WhiteDeathFIN','Tackle Shoujo',2,NULL),(603,0,'WhiteDeathFIN','Strength',2,NULL),(604,0,'WhiteDeathFIN','Sora-Roma!',2,NULL),(605,0,'WhiteDeathFIN','Otome no Iroha!',2,NULL),(606,0,'WhiteDeathFIN','Yellow Gate!',2,NULL),(607,0,'WhiteDeathFIN','Kore ga Watashi no Goshujinsama',6,NULL),(608,0,'WhiteDeathFIN','Futakoi Alternative',2,NULL),(609,0,'WhiteDeathFIN','Itokoi Chidori',1,NULL),(610,0,'WhiteDeathFIN','Shiroi Koibito',2,NULL),(611,0,'WhiteDeathFIN','Walkure Romanze: Shoujo Kishi Monogatari',1,NULL),(612,0,'WhiteDeathFIN','Walkure Romanze: Shoujo Kishi Monogatari',6,NULL),(613,0,'WhiteDeathFIN','Toriko no Onnanoko (15 Sai)',2,NULL),(614,0,'WhiteDeathFIN','Akiiro Bousou Biyori',2,NULL),(615,0,'WhiteDeathFIN','Are na Kare to no Kurashikata',2,NULL),(616,0,'WhiteDeathFIN','Booking Life',2,NULL),(617,0,'WhiteDeathFIN','Chocolate - Maid Cafe',2,NULL),(618,0,'WhiteDeathFIN','Hirahira-kun Seishun Jingi',2,NULL),(619,0,'WhiteDeathFIN','Ameiro Kouchakan Kandan',2,NULL),(620,0,'WhiteDeathFIN','Lonely Wolf, Lonely Sheep',2,NULL),(621,0,'WhiteDeathFIN','Mai-Otome',1,NULL),(622,0,'WhiteDeathFIN','Kotonoha no Miko to Kotodama no Mahou to',2,NULL),(623,0,'WhiteDeathFIN','Amanoiwato Hime',2,NULL),(624,0,'WhiteDeathFIN','Sora no Shita Yane no Naka',2,NULL),(625,0,'WhiteDeathFIN','O/A',2,NULL),(626,0,'WhiteDeathFIN','Binbou Shimai Monogatari',2,NULL),(627,0,'WhiteDeathFIN','Chichi ga Loli na Mono de',2,NULL),(628,0,'WhiteDeathFIN','Samurai Papa',2,NULL),(629,0,'WhiteDeathFIN','Lolicon Phoenix',2,NULL),(630,0,'WhiteDeathFIN','Ichiroh!',6,NULL),(631,0,'WhiteDeathFIN','Haruno to Natsukawa.',6,NULL),(632,0,'WhiteDeathFIN','Ever Green',2,NULL),(633,0,'WhiteDeathFIN','DoLL',2,NULL),(634,0,'WhiteDeathFIN','Ike! Danshi Koukou Engekibu',2,NULL),(635,0,'WhiteDeathFIN','Akira to Hiyori',6,NULL),(636,0,'WhiteDeathFIN','Dageki Joi Saori',2,NULL),(637,0,'WhiteDeathFIN','Hataraite Kudasai, Haruko-sensei!',2,NULL),(638,0,'WhiteDeathFIN','Sekai Seifuku Sekirara Jogakukan',2,NULL),(639,0,'WhiteDeathFIN','Ringo',2,NULL),(640,0,'WhiteDeathFIN','Prism Palette',2,NULL),(641,0,'WhiteDeathFIN','Stop!! Hibari-kun!',2,NULL),(642,0,'WhiteDeathFIN','Immote',2,NULL),(643,0,'WhiteDeathFIN','Alice Quartet Obbligato',2,NULL),(644,0,'WhiteDeathFIN','Twins Game',2,NULL),(645,0,'WhiteDeathFIN','Ani ga Imouto de Imouto ga Ani de.',6,NULL),(646,0,'WhiteDeathFIN','Strange Mansion',2,NULL),(647,0,'WhiteDeathFIN','Sora☆Miyo',2,NULL),(648,0,'WhiteDeathFIN','Sun-Ken Rock Gaiden: Yumin',2,NULL),(649,0,'WhiteDeathFIN','Lucky Number 13',2,NULL),(650,0,'WhiteDeathFIN','Junjou Drop',2,NULL),(651,0,'WhiteDeathFIN','My Hero',2,NULL),(652,0,'WhiteDeathFIN','Dr. Rurru',2,NULL),(653,0,'WhiteDeathFIN','Inu Neko Jump',2,NULL),(654,0,'WhiteDeathFIN','Flowernoid no Shuufukushi',2,NULL),(655,0,'WhiteDeathFIN','Nozomu Nozomi',2,NULL),(656,0,'WhiteDeathFIN','Tiji-kun!',2,NULL),(657,0,'WhiteDeathFIN','Hoop Men',1,NULL),(658,0,'WhiteDeathFIN','Rizelmine',2,NULL),(659,0,'WhiteDeathFIN','Kingyosou',1,NULL),(660,0,'WhiteDeathFIN','Men\'s Kou',2,NULL),(661,0,'WhiteDeathFIN','Help!!',2,NULL),(662,0,'WhiteDeathFIN','W-Juliet',1,NULL),(663,0,'WhiteDeathFIN','Koisuru Barairo Tenchou',2,NULL),(664,0,'WhiteDeathFIN','Konbini-kun.',2,NULL),(665,0,'WhiteDeathFIN','Kono Ore ga Omae Nanka Suki na Wakenai',2,NULL),(666,0,'WhiteDeathFIN','Miwaku Shikake: Amai Wana',2,NULL),(667,0,'WhiteDeathFIN','Papa★I Love You',2,NULL),(668,0,'WhiteDeathFIN','Starlike Words',2,NULL),(669,0,'WhiteDeathFIN','Yuri Pop',2,NULL),(670,0,'WhiteDeathFIN','Honey Crush',6,NULL),(671,0,'WhiteDeathFIN','Kimi Koi Limit',2,NULL),(672,0,'WhiteDeathFIN','Voynich Hotel',2,NULL),(673,0,'WhiteDeathFIN','Koihime Soshi',2,NULL),(674,0,'WhiteDeathFIN','Love Blog',1,NULL),(675,0,'WhiteDeathFIN','Sumomomo Momomo: Chijou Saikyou no Yome',2,NULL),(676,0,'WhiteDeathFIN','Kurayami ni Strobe',2,NULL),(677,0,'WhiteDeathFIN','3.3.7 Byooshi!!',2,NULL),(678,0,'WhiteDeathFIN','Zero-In',1,NULL),(679,0,'WhiteDeathFIN','Psycho Busters',1,NULL),(680,0,'WhiteDeathFIN','Sorenari ni Shinken Nan desu.',2,NULL),(681,0,'WhiteDeathFIN','Sorenari ni Shinken Nan desu. dj - Suki no Katei',2,NULL),(682,0,'WhiteDeathFIN','Subarashii Sekai',2,NULL),(683,0,'WhiteDeathFIN','Hori-san to Miyamura-kun',6,NULL),(684,0,'WhiteDeathFIN','Sexy Commando Gaiden: Sugoi yo! Masaru-san',1,NULL),(685,0,'WhiteDeathFIN','Yasashii Sekai no Tsukurikata',6,NULL),(686,0,'WhiteDeathFIN','Futari no Renai Shoka',6,NULL),(687,0,'WhiteDeathFIN','Kid I Ruck!',6,NULL),(688,0,'WhiteDeathFIN','Metro Survive',2,NULL),(689,0,'WhiteDeathFIN','Yandere Kanojo',6,NULL),(690,0,'WhiteDeathFIN','Haji-Otsu.',6,NULL),(691,0,'WhiteDeathFIN','Tonnura-san',6,NULL),(692,0,'WhiteDeathFIN','Majo to Houki to Kurobuchi Megane',2,NULL),(693,0,'WhiteDeathFIN','Sarishinohara',6,NULL),(694,0,'WhiteDeathFIN','Houkago Play',2,NULL),(695,0,'WhiteDeathFIN','Houkago Play 2',2,NULL),(696,0,'WhiteDeathFIN','Houkago Play 3',2,NULL),(697,0,'WhiteDeathFIN','Bari Haken',6,NULL),(698,0,'WhiteDeathFIN','Koi wo Suru no ga Shigoto desu.',2,NULL),(699,0,'WhiteDeathFIN','Houkago Play R',6,NULL),(700,0,'WhiteDeathFIN','Houkago Play High Heels',6,NULL),(701,0,'WhiteDeathFIN','Penguin Prince',2,NULL),(702,0,'WhiteDeathFIN','Bye-Bye, Little.',2,NULL),(703,0,'WhiteDeathFIN','Kon Kon KoKon',3,NULL),(704,0,'WhiteDeathFIN','Usotsuki Lily',2,NULL),(705,0,'WhiteDeathFIN','Strobe Edge',1,NULL),(706,0,'WhiteDeathFIN','Oouso Swing',2,NULL),(707,0,'WhiteDeathFIN','Spicy Pink',1,NULL),(708,0,'WhiteDeathFIN','Itsuka Kimitachi mo Otona ni Naru',2,NULL),(709,0,'WhiteDeathFIN','Recipe no Ouji-sama',2,NULL),(710,0,'WhiteDeathFIN','Sugar☆Family',2,NULL),(711,0,'WhiteDeathFIN','Kimi ni Happiness',2,NULL),(712,0,'WhiteDeathFIN','Akuma de Sourou',2,NULL),(713,0,'WhiteDeathFIN','Fly-High!',2,NULL),(714,0,'WhiteDeathFIN','Nineteen, Twenty-One',2,NULL),(715,0,'WhiteDeathFIN','Hima nano de Hajimete Mimasu.',2,NULL),(716,0,'WhiteDeathFIN','Color',2,NULL),(717,0,'WhiteDeathFIN','Darling wa Namamono ni Tsuki',2,NULL),(718,0,'WhiteDeathFIN','Love SOS',2,NULL),(719,0,'WhiteDeathFIN','Puchimon',1,NULL),(720,0,'WhiteDeathFIN','Yuusen Shoujo: Plug-in Girl',2,NULL),(721,0,'WhiteDeathFIN','Idol Shopping',2,NULL),(722,0,'WhiteDeathFIN','Taming the Cat Master',2,NULL),(723,0,'WhiteDeathFIN','24 Jikan Eigyouchuu',2,NULL),(724,0,'WhiteDeathFIN','Hekikai no AiON',2,NULL),(725,0,'WhiteDeathFIN','Narue no Sekai',1,NULL),(726,0,'WhiteDeathFIN','Iinari! Aibration',2,NULL),(727,0,'WhiteDeathFIN','Leona Explosion',2,NULL),(728,0,'WhiteDeathFIN','Saber Marionette J',2,NULL),(729,0,'WhiteDeathFIN','Meteor-san Strike desu!',2,NULL),(730,0,'WhiteDeathFIN','Tamago no Kimi',2,NULL),(731,0,'WhiteDeathFIN','Amanin Shoujo Azuki',2,NULL),(732,0,'WhiteDeathFIN','D-ash',2,NULL),(733,0,'WhiteDeathFIN','IO',2,NULL),(734,0,'WhiteDeathFIN','Seven Ocean',2,NULL),(735,0,'WhiteDeathFIN','Yome ga Loli tte Doo yo!?',2,NULL),(736,0,'WhiteDeathFIN','SWOT',2,NULL),(737,0,'WhiteDeathFIN','Ressentiment',2,NULL),(738,0,'WhiteDeathFIN','Rude 39',1,NULL),(739,0,'WhiteDeathFIN','SWOT',2,NULL),(740,0,'WhiteDeathFIN','Swweeet',2,NULL),(741,0,'WhiteDeathFIN','Sweet Poolside',2,NULL),(742,0,'WhiteDeathFIN','Nusunde Lilith',1,NULL),(743,0,'WhiteDeathFIN','Re:LIVE',2,NULL),(744,0,'WhiteDeathFIN','Bonten no Moribito',2,NULL),(745,0,'WhiteDeathFIN','Gosick',2,NULL),(746,0,'WhiteDeathFIN','ST&RS',1,NULL),(747,0,'WhiteDeathFIN','Cheer Cheer',2,NULL),(748,0,'WhiteDeathFIN','Mai-HiME',2,NULL),(749,0,'WhiteDeathFIN','Sensei no Boku',2,NULL),(750,0,'WhiteDeathFIN','Takkoku!!!',2,NULL),(751,0,'WhiteDeathFIN','Tubame Syndrome',2,NULL),(752,0,'WhiteDeathFIN','Pajama na Kanojo.',2,NULL),(753,0,'WhiteDeathFIN','Marugoto♥Anju Gakuen',2,NULL),(754,0,'Sarukami-sama','Monster',2,NULL),(755,0,'Sarukami-sama','Magi: The Labyrinth of Magic',3,NULL),(756,0,'Sarukami-sama','Kingdom',3,NULL),(757,0,'Sarukami-sama','Katekyo Hitman Reborn!',2,NULL),(758,0,'Sarukami-sama','Fairy Tail',3,NULL),(759,0,'Sarukami-sama','One Piece',3,NULL),(760,0,'Sarukami-sama','Rurouni Kenshin: Yahiko no Sakabatou',2,NULL),(761,0,'Sarukami-sama','Rurouni Kenshin: Haru ni Sakura',2,NULL),(762,0,'Sarukami-sama','Rurouni Kenshin: Meiji Kenkaku Romantan',2,NULL),(763,0,'Sarukami-sama','Yuu☆Yuu☆Hakusho',2,NULL),(764,0,'Sarukami-sama','SKET Dance',2,NULL),(765,0,'Sarukami-sama','Gintama',3,NULL),(766,0,'Sarukami-sama','Berserk',3,NULL),(767,0,'Sarukami-sama','Full Metal Panic!',2,NULL),(768,0,'Sarukami-sama','Full Metal Panic! Sigma',2,NULL),(769,0,'Sarukami-sama','D.Gray-man',3,NULL),(770,0,'Sarukami-sama','Naruto',3,NULL),(771,0,'Sarukami-sama','Bleach',3,NULL),(772,0,'Sarukami-sama','Btooom!',3,NULL),(773,0,'Sarukami-sama','Ao no Exorcist',3,NULL),(774,0,'Sarukami-sama','Id',2,NULL),(775,0,'Sarukami-sama','Majeh',3,NULL),(776,0,'Sarukami-sama','Vinland Saga',3,NULL),(777,0,'Sarukami-sama','Historie',3,NULL),(778,0,'Sarukami-sama','Saint☆Onii-san',3,NULL),(779,0,'Sarukami-sama','Aflame Inferno',2,NULL),(780,0,'Sarukami-sama','Übel Blatt',3,NULL),(781,0,'Sarukami-sama','Vagabond',3,NULL),(782,0,'Sarukami-sama','Yongbi Bulpae',3,NULL),(783,0,'Sarukami-sama','Yongbi Bulpae Oejeon',6,NULL),(784,0,'Sarukami-sama','Beelzebub',2,NULL),(785,0,'Sarukami-sama','Feng Shen Ji',2,NULL),(786,0,'Sarukami-sama','Feng Shen Ji II',2,NULL),(787,0,'Sarukami-sama','Feng Shen Ji III',3,NULL),(788,0,'Sarukami-sama','Blood and Steel',3,NULL),(789,0,'Sarukami-sama','Cavalier of the Abyss',3,NULL),(790,0,'Sarukami-sama','Immortal Regis',2,NULL),(791,0,'Sarukami-sama','Apocalypse no Toride',3,NULL),(792,0,'Sarukami-sama','Otogi Matsuri',2,NULL),(793,0,'Sarukami-sama','Bloody Cross',3,NULL),(794,0,'Sarukami-sama','Gate: Jieitai Kanochi nite, Kaku Tatakeri',3,NULL),(795,0,'Sarukami-sama','Ratman',2,NULL),(796,0,'Sarukami-sama','Arakawa Under the Bridge',3,NULL),(797,0,'Sarukami-sama','Hoozuki no Reitetsu',3,NULL),(798,0,'Sarukami-sama','Kandachime',2,NULL),(799,0,'Sarukami-sama','Kiba no Tabishounin: The Arms Peddler',3,NULL),(800,0,'Sarukami-sama','Mahou Sensou',3,NULL),(801,0,'Sarukami-sama','Kami to Sengoku Seitokai',2,NULL),(802,0,'Sarukami-sama','Maoyuu Maou Yuusha',6,NULL),(803,0,'Sarukami-sama','Yureka',3,NULL),(804,0,'Sarukami-sama','Shin Angyo Onshi',2,NULL),(805,0,'Sarukami-sama','GTO',2,NULL),(806,0,'Sarukami-sama','Code:Breaker',2,NULL),(807,0,'Sarukami-sama','Wolf Guy: Ookami no Monshou',2,NULL),(808,0,'Sarukami-sama','Blade of the Immortal',2,NULL),(809,0,'Sarukami-sama','Blue Dragon: RalΩGrado',2,NULL),(810,0,'Sarukami-sama','Change Guy',2,NULL),(811,0,'Sarukami-sama','Gantz',2,NULL),(812,0,'Sarukami-sama','Eden no Ori',2,NULL),(813,0,'Sarukami-sama','Deadman Wonderland',2,NULL),(814,0,'Sarukami-sama','Dragon Quest: Dai no Daibouken',2,NULL),(815,0,'Sarukami-sama','Samurai Deeper Kyo',2,NULL),(816,0,'Sarukami-sama','Sakigake!! Cromartie Koukou',2,NULL),(817,0,'Sarukami-sama','GetBackers',2,NULL),(818,0,'Sarukami-sama','Shinobi no Kuni',2,NULL),(819,0,'Sarukami-sama','GTO: Shonan 14 Days',2,NULL),(820,0,'Sarukami-sama','Archlord',2,NULL),(821,0,'Sarukami-sama','AR∀GO',2,NULL),(822,0,'Sarukami-sama','Ichi',2,NULL),(823,0,'Sarukami-sama','Mismarca Koukoku Monogatari',2,NULL),(824,0,'Sarukami-sama','The Red Soul',2,NULL),(825,0,'Sarukami-sama','One Punch-Man',3,NULL),(826,0,'Sarukami-sama','The Breaker',2,NULL),(827,0,'Sarukami-sama','The Breaker: New Waves',2,NULL),(828,0,'Sarukami-sama','A Fairytale for the Demon Lord',2,NULL),(829,0,'Sarukami-sama','Danshi Koukousei no Nichijou',2,NULL),(830,0,'Sarukami-sama','Aimane: Akuma na Kanojo wo Produce',2,NULL),(831,0,'Sarukami-sama','Hyouka',3,NULL),(832,0,'Sarukami-sama','Kami nomi zo Shiru Sekai',2,NULL),(833,0,'Sarukami-sama','Blood Lad',3,NULL),(834,0,'Sarukami-sama','Toaru Kagaku no Accelerator',3,NULL),(835,0,'Sarukami-sama','Abide in the Wind',3,NULL),(836,0,'Sarukami-sama','Aka Akatoshitachi no Monogatari',3,NULL),(837,0,'Sarukami-sama','Akaboshi: Ibun Suikoden',2,NULL),(838,0,'Sarukami-sama','Alive: Saishuu Shinkateki Shounen',2,NULL),(839,0,'Sarukami-sama','Arata Kangatari',3,NULL),(840,0,'Sarukami-sama','Hunter x Hunter',3,NULL),(841,0,'Sarukami-sama','Hunter x Hunter: Kurapika Tsuioku-hen',2,NULL),(842,0,'Sarukami-sama','Angel Densetsu',2,NULL),(843,0,'Sarukami-sama','Araidoki.',2,NULL),(844,0,'Sarukami-sama','Defense Devil',2,NULL),(845,0,'Sarukami-sama','Asu no Yoichi!',2,NULL),(846,0,'Sarukami-sama','B Reaction',2,NULL),(847,0,'Sarukami-sama','Baka to Test to Shoukanjuu',3,NULL),(848,0,'Sarukami-sama','Blast',2,NULL),(849,0,'Sarukami-sama','Belmonde Le VisiteuR',2,NULL),(850,0,'Sarukami-sama','Blame!',2,NULL),(851,0,'Sarukami-sama','BlazBlue: Chimelical Complex',2,NULL),(852,0,'Sarukami-sama','Magika no Kenshi to Basileus',3,NULL),(853,0,'Sarukami-sama','Akarui Sekai Keikaku',2,NULL),(854,0,'Sarukami-sama','Carnivorous Princess Yegrinna',2,NULL),(855,0,'Sarukami-sama','Chunchu: The Genocide Fiend',3,NULL),(856,0,'Sarukami-sama','Choujin Gakuen: Konton Mouryou Seishun Jihen',3,NULL),(857,0,'Sarukami-sama','Comic☆Studio',2,NULL),(858,0,'Sarukami-sama','Hero Co., Ltd.',2,NULL),(859,0,'Sarukami-sama','Crimson Grave',3,NULL),(860,0,'Sarukami-sama','The Record of War in Crodia',2,NULL),(861,0,'Sarukami-sama','D-Frag!',3,NULL),(862,0,'Sarukami-sama','Dakara Boku wa, H ga Dekinai.',2,NULL),(863,0,'Sarukami-sama','Darwin\'s Game',3,NULL),(864,0,'Sarukami-sama','Datenshi Gakuen Devil Paradise',2,NULL),(865,0,'Sarukami-sama','Tokyo Ravens',3,NULL),(866,0,'Sarukami-sama','Soul Eater',2,NULL),(867,0,'Sarukami-sama','Dance in the Vampire Bund',2,NULL),(868,0,'Sarukami-sama','Kami nomi zo Shiru Sekai: On the Train+Pilot Films',2,NULL),(869,0,'Sarukami-sama','Dark Air',3,NULL),(870,0,'Sarukami-sama','Kore wa Zombie desu ka?',3,NULL),(871,0,'Sarukami-sama','DearS',2,NULL),(872,0,'Sarukami-sama','Denpa Onna to Seishun Otoko',3,NULL),(873,0,'Sarukami-sama','Wallman',3,NULL),(874,0,'Sarukami-sama','Dracu-Riot!',2,NULL),(875,0,'Sarukami-sama','Duction Man',3,NULL),(876,0,'Sarukami-sama','Dungeon ni Deai wo Motomeru no wa Machigatteiru Darou ka',3,NULL),(877,0,'Sarukami-sama','ef: A Fairy Tale of the Two.',2,NULL),(878,0,'Sarukami-sama','En Passant',2,NULL),(879,0,'Sarukami-sama','Eroge no Taiyou',3,NULL),(880,0,'Sarukami-sama','FLAGS',2,NULL),(881,0,'Sarukami-sama','Fairy Tail Zerø',1,NULL),(882,0,'Sarukami-sama','Tale of Fairy Tail: Ice Trail',3,NULL),(883,0,'Sarukami-sama','Fortune Arterial',2,NULL),(884,0,'Sarukami-sama','Franken Fran',2,NULL),(885,0,'Sarukami-sama','Freesia',2,NULL),(886,0,'Sarukami-sama','Fujimura-kun Mates',2,NULL),(887,0,'Sarukami-sama','Fullmetal Alchemist',2,NULL),(888,0,'Sarukami-sama','Juushin Enbu: Hero Tales',2,NULL),(889,0,'Sarukami-sama','Mirai Nikki',2,NULL),(890,0,'Sarukami-sama','Mirai Nikki: Redial',2,NULL),(891,0,'Sarukami-sama','Ga-Rei',2,NULL),(892,0,'Sarukami-sama','Gachirin ni Kirisaku',3,NULL),(893,0,'Sarukami-sama','Prison School',3,NULL),(894,0,'Sarukami-sama','GTO: Paradise Lost',3,NULL),(895,0,'Sarukami-sama','Inou-Battle wa Nichijou-kei no Naka de',6,NULL),(896,0,'Sarukami-sama','Gan☆Kon',1,NULL),(897,0,'Sarukami-sama','Gang King',3,NULL),(898,0,'Sarukami-sama','Gekiryuuchi',2,NULL),(899,0,'Sarukami-sama','Girls Saurus',2,NULL),(900,0,'Sarukami-sama','Girls Saurus DX',2,NULL),(901,0,'Sarukami-sama','Chrno Crusade',2,NULL),(902,0,'Sarukami-sama','Trinity Seven: 7-nin no Masho Tsukai',3,NULL),(903,0,'Sarukami-sama','Yamada-kun to 7-nin no Majo',3,NULL),(904,0,'Sarukami-sama','Green Worldz',3,NULL),(905,0,'Sarukami-sama','Guardian Dog',2,NULL),(906,0,'Sarukami-sama','Shingeki no Kyojin',3,NULL),(907,0,'Sarukami-sama','Densetsu no Yuusha no Densetsu',3,NULL),(908,0,'Sarukami-sama','Campione!',3,NULL),(909,0,'Sarukami-sama','Guin Saga',3,NULL),(910,0,'Sarukami-sama','Gun x Clover',3,NULL),(911,0,'Sarukami-sama','Gunka no Baltzar',3,NULL),(912,0,'Sarukami-sama','Ano Natsu de Matteru',2,NULL),(913,0,'Sarukami-sama','Gunslinger Girl',2,NULL),(914,0,'Sarukami-sama','Majutsushi Orphen Hagure Tabi',2,NULL),(915,0,'Sarukami-sama','Majutsushi Orphen Hagure Tabi Max',2,NULL),(916,0,'Sarukami-sama','Gwi',2,NULL),(917,0,'Sarukami-sama','Sora no Otoshimono',2,NULL),(918,0,'Sarukami-sama','Hajimete no Aku',2,NULL),(919,0,'Sarukami-sama','Marginal Operation',3,NULL),(920,0,'Sarukami-sama','Ore no Nounai Sentakushi ga, Gakuen Love Comedy wo Zenryoku de Jama Shiteiru',6,NULL),(921,0,'Sarukami-sama','Romance Dawn',2,NULL),(922,0,'Sarukami-sama','Wanted!',2,NULL),(923,0,'Sarukami-sama','Hakoiri Devil Princess',2,NULL),(924,0,'Sarukami-sama','Hammer Session!',3,NULL),(925,0,'Sarukami-sama','Hammer Session! in High School',6,NULL),(926,0,'Sarukami-sama','Souten no Ken',1,NULL),(927,0,'Sarukami-sama','Hana no Keiji: Kumo no Kanata ni',3,NULL),(928,0,'Sarukami-sama','Hand x Red',3,NULL),(929,0,'Sarukami-sama','Handa-kun',3,NULL),(930,0,'Sarukami-sama','Barakamon',3,NULL),(931,0,'Sarukami-sama','Mouse',3,NULL),(932,0,'Sarukami-sama','Cyber Blue',2,NULL),(933,0,'Sarukami-sama','Hanza Sky',3,NULL),(934,0,'Sarukami-sama','Happy World!',2,NULL),(935,0,'Sarukami-sama','Hataraku Maou-sama!',3,NULL),(936,0,'Sarukami-sama','Hataraku Maou-sama! High School!',3,NULL),(937,0,'Sarukami-sama','Heads',2,NULL),(938,0,'Sarukami-sama','Sakamoto desu ga?',3,NULL),(939,0,'Sarukami-sama','Yotsubato!',3,NULL),(940,0,'Sarukami-sama','Hekikai no AiON',2,NULL),(941,0,'Sarukami-sama','Hells Angels',2,NULL),(942,0,'Sarukami-sama','Tokyo Ghoul',2,NULL),(943,0,'Sarukami-sama','Jigokuren',2,NULL),(944,0,'Sarukami-sama','Monster Musume no Iru Nichijou',3,NULL),(945,0,'Sarukami-sama','Bal Jak',2,NULL),(946,0,'Sarukami-sama','Higanjima',3,NULL),(947,0,'Sarukami-sama','Shingeki no Kyojin Volume 0',2,NULL),(948,0,'Sarukami-sama','Yankee-kun na Yamada-kun to Megane-chan to Majo',2,NULL),(949,0,'Sarukami-sama','Yankee-kun to Megane-chan',2,NULL),(950,0,'Sarukami-sama','Overlord',3,NULL),(951,0,'Sarukami-sama','+Anima',2,NULL),(952,0,'Sarukami-sama','0/6',2,NULL),(953,0,'Sarukami-sama','\"Bungaku Shoujo\" to Shi ni Tagari no Pierrot',2,NULL),(954,0,'Sarukami-sama','11eyes: Tsumi to Batsu to Aganai no Shoujo',2,NULL),(955,0,'Sarukami-sama','Ama no Mura Kumo',2,NULL),(956,0,'Sarukami-sama','Ane Pani',2,NULL),(957,0,'Sarukami-sama','Tenshi no Wakemae',2,NULL),(958,0,'Sarukami-sama','Antimagia',2,NULL),(959,0,'Sarukami-sama','31 Heroes',2,NULL),(960,0,'Sarukami-sama','6 no Trigger',2,NULL),(961,0,'Sarukami-sama','17-sai.',2,NULL),(962,0,'Sarukami-sama','50 Million Km',2,NULL),(963,0,'Sarukami-sama','Kanojo wo Mamoru 51 no Houhou',2,NULL),(964,0,'Sarukami-sama','Tsukumo Happy Soul',2,NULL),(965,0,'Sarukami-sama','A la Carte',2,NULL),(966,0,'Sarukami-sama','Ability Shop',2,NULL),(967,0,'Sarukami-sama','Adabana',2,NULL),(968,0,'Sarukami-sama','Aiyoku no Eustia',2,NULL),(969,0,'Sarukami-sama','Akaneiro ni Somaru Saka',2,NULL),(970,0,'Sarukami-sama','Amairo*IsleNauts',2,NULL),(971,0,'Sarukami-sama','Amanoiwato Hime',2,NULL),(972,0,'Sarukami-sama','Taimadou Gakuen 35 Shiken Shoutai',2,NULL),(973,0,'Sarukami-sama','Yellow Dragon ga Arawareta!',2,NULL),(974,0,'Sarukami-sama','Asahina Koharu no Mousou Biyori',2,NULL),(975,0,'Sarukami-sama','Ashita Dorobou',2,NULL),(976,0,'Sarukami-sama','Seiken Tsukai no World Break',6,NULL),(977,0,'Sarukami-sama','Seirei Tsukai no Blade Dance',3,NULL),(978,0,'Sarukami-sama','Asklepios',2,NULL),(979,0,'Sarukami-sama','Hidan no Aria',3,NULL),(980,0,'Sarukami-sama','Azamaru',2,NULL),(981,0,'Sarukami-sama','Baka ga Zenra de Yattekuru',2,NULL),(982,0,'Sarukami-sama','Baketeriya',2,NULL),(983,0,'Sarukami-sama','Bitter Virgin',2,NULL),(984,0,'Sarukami-sama','Nanatsu no Taizai',3,NULL),(985,0,'Sarukami-sama','Zero no Tsukaima',2,NULL),(986,0,'Sarukami-sama','Toaru Majutsu no Index',3,NULL),(987,0,'Sarukami-sama','Mahouka Koukou no Rettousei: Nyuugaku-hen',2,NULL),(988,0,'Sarukami-sama','Ruler of the Land',3,NULL),(989,0,'Sarukami-sama','Black Cat',2,NULL),(990,0,'Sarukami-sama','Akame ga Kill!',3,NULL),(991,0,'Sarukami-sama','Tokyo Ghoul:re',3,NULL),(992,0,'Sarukami-sama','Zero no Tsukaima Chevalier',3,NULL),(993,0,'Sarukami-sama','Mahouka Koukou no Rettousei: Kyuukousen-hen',6,NULL),(994,0,'Sarukami-sama','Blood Soul',2,NULL),(995,0,'Sarukami-sama','Bokuretsu Manken Love Gun',2,NULL),(996,0,'Sarukami-sama','Boy Fusion Girl',2,NULL),(997,0,'Sarukami-sama','Brand New School Day',2,NULL),(998,0,'Sarukami-sama','Break Hands: Hoshi wo Tsugu Mono',2,NULL),(999,0,'Sarukami-sama','Burning Hell',2,NULL),(1000,0,'Sarukami-sama','Rain',3,NULL),(1001,0,'Sarukami-sama','Change 2!!',2,NULL),(1002,0,'Sarukami-sama','Change Boy',2,NULL),(1003,0,'Sarukami-sama','Rain Gaiden: Vampire Master',2,NULL),(1004,0,'Sarukami-sama','Chronos Ruler',2,NULL),(1005,0,'Sarukami-sama','Cloth Weaver',2,NULL),(1006,0,'Sarukami-sama','Ichiban Ushiro no Daimaou',2,NULL),(1007,0,'Sarukami-sama','Come Come Vanilla!',2,NULL),(1008,0,'Sarukami-sama','Continue',2,NULL),(1009,0,'Sarukami-sama','Re:Monster',3,NULL),(1010,0,'Sarukami-sama','Re:Zero kara Hajimeru Isekai Seikatsu: Daiisshou - Outo no Ichinichi-hen',2,NULL),(1011,0,'Sarukami-sama','Tate no Yuusha no Nariagari',3,NULL),(1012,0,'Sarukami-sama','Boku no Hero Academia',3,NULL),(1013,0,'Sarukami-sama','Ragnarok',2,NULL),(1014,0,'Sarukami-sama','Nanatsu no Taizai: Edinburgh no Kyuuketsuki',2,NULL),(1015,0,'Sarukami-sama','Maou na Ano Ko to Murabito A',3,NULL),(1016,0,'Sarukami-sama','Noragami',3,NULL),(1017,0,'Sarukami-sama','The Legend of Maian',2,NULL),(1018,0,'Sarukami-sama','Threads of Time',2,NULL),(1019,0,'Sarukami-sama','Noblesse',6,NULL),(1020,0,'Sarukami-sama','Seiken no Blacksmith',3,NULL),(1021,0,'Sarukami-sama','Karate Shoukoushi Kohinata Minoru',3,NULL),(1022,0,'Sarukami-sama','Fire Fire Fire',2,NULL),(1023,0,'Sarukami-sama','Fights Break Sphere',3,NULL),(1024,0,'Sarukami-sama','Kozure Ookami',6,NULL),(1025,0,'Sarukami-sama','Pandora Hearts',6,NULL),(1026,0,'Sarukami-sama','Ran to Haiiro no Sekai',6,NULL),(1027,0,'Sarukami-sama','Kingdom Hearts',6,NULL),(1028,0,'Sarukami-sama','Mahoraba',6,NULL),(1029,0,'Sarukami-sama','Saiyuuki',6,NULL),(1030,0,'Sarukami-sama','Nabari no Ou',6,NULL),(1031,0,'Sarukami-sama','All You Need Is Kill',2,NULL),(1032,0,'Sarukami-sama','Worst',6,NULL),(1033,0,'Sarukami-sama','Jiraishin',1,NULL),(1034,0,'Sarukami-sama','Sekai no Owari to Yoake Mae',6,NULL),(1035,0,'Sarukami-sama','Tegami Bachi',6,NULL),(1036,0,'Sarukami-sama','Mondaiji-tachi ga Isekai kara Kuru Sou desu yo?',6,NULL),(1037,0,'Sarukami-sama','Trace',6,NULL),(1038,0,'Sarukami-sama','Oyaji',6,NULL),(1039,0,'Sarukami-sama','Ranma ½',6,NULL),(1040,0,'Sarukami-sama','The Friendly Winter',6,NULL),(1041,0,'Sarukami-sama','Kiss Wood',6,NULL),(1042,0,'Sarukami-sama','Peak',6,NULL),(1043,0,'Sarukami-sama','Song of the Long March',6,NULL),(1044,0,'Sarukami-sama','The Ravages of Time',6,NULL),(1045,0,'Sarukami-sama','Machine-Doll wa Kizutsukanai',3,NULL),(1046,0,'Sarukami-sama','Gakusen Toshi Asterisk',3,NULL),(1047,0,'Sarukami-sama','Peace Maker',3,NULL),(1048,0,'Sarukami-sama','Boku wa Tomodachi ga Sukunai',3,NULL),(1049,0,'Sarukami-sama','Claymore',2,NULL),(1050,0,'Sarukami-sama','Re:Zero kara Hajimeru Isekai Seikatsu: Dainishou - Yashiki no Isshuukan-hen',6,NULL),(1051,0,'Sarukami-sama','Sankarea',2,NULL);
/*!40000 ALTER TABLE `mangas` ENABLE KEYS */;
UNLOCK TABLES;

--
-- Table structure for table `mangas_animes_altTitles`
--

DROP TABLE IF EXISTS `mangas_animes_altTitles`;
/*!40101 SET @saved_cs_client     = @@character_set_client */;
/*!40101 SET character_set_client = utf8 */;
CREATE TABLE `mangas_animes_altTitles` (
  `id` int(10) unsigned NOT NULL AUTO_INCREMENT,
  `mangas_animes_id` int(10) unsigned NOT NULL,
  `title` varchar(100) COLLATE utf8_swedish_ci NOT NULL,
  `manga_or_anime` varchar(5) COLLATE utf8_swedish_ci NOT NULL,
  PRIMARY KEY (`id`)
) ENGINE=InnoDB DEFAULT CHARSET=utf8 COLLATE=utf8_swedish_ci;
/*!40101 SET character_set_client = @saved_cs_client */;

--
-- Dumping data for table `mangas_animes_altTitles`
--

LOCK TABLES `mangas_animes_altTitles` WRITE;
/*!40000 ALTER TABLE `mangas_animes_altTitles` DISABLE KEYS */;
/*!40000 ALTER TABLE `mangas_animes_altTitles` ENABLE KEYS */;
UNLOCK TABLES;

--
-- Table structure for table `testi`
--

DROP TABLE IF EXISTS `testi`;
/*!40101 SET @saved_cs_client     = @@character_set_client */;
/*!40101 SET character_set_client = utf8 */;
CREATE TABLE `testi` (
  `id` int(10) unsigned NOT NULL AUTO_INCREMENT,
  `tekstia` varchar(30) COLLATE utf8_swedish_ci DEFAULT NULL,
  PRIMARY KEY (`id`)
) ENGINE=InnoDB AUTO_INCREMENT=3 DEFAULT CHARSET=utf8 COLLATE=utf8_swedish_ci;
/*!40101 SET character_set_client = @saved_cs_client */;

--
-- Dumping data for table `testi`
--

LOCK TABLES `testi` WRITE;
/*!40000 ALTER TABLE `testi` DISABLE KEYS */;
INSERT INTO `testi` VALUES (2,'dlösal\'\'sajkosaojasd\'\'pdppåäpl');
/*!40000 ALTER TABLE `testi` ENABLE KEYS */;
UNLOCK TABLES;

--
-- Table structure for table `users`
--

DROP TABLE IF EXISTS `users`;
/*!40101 SET @saved_cs_client     = @@character_set_client */;
/*!40101 SET character_set_client = utf8 */;
CREATE TABLE `users` (
  `id` int(10) unsigned NOT NULL AUTO_INCREMENT,
  `username` varchar(64) COLLATE utf8_swedish_ci NOT NULL,
  `password` varchar(255) COLLATE utf8_swedish_ci NOT NULL,
  `group` varchar(64) COLLATE utf8_swedish_ci NOT NULL,
  PRIMARY KEY (`id`)
) ENGINE=InnoDB AUTO_INCREMENT=2 DEFAULT CHARSET=utf8 COLLATE=utf8_swedish_ci;
/*!40101 SET character_set_client = @saved_cs_client */;

--
-- Dumping data for table `users`
--

LOCK TABLES `users` WRITE;
/*!40000 ALTER TABLE `users` DISABLE KEYS */;
INSERT INTO `users` VALUES (1,'santeri','d5c00f4493a97cb4ef0c675ac5af6aeaea9b7e9a','admin');
/*!40000 ALTER TABLE `users` ENABLE KEYS */;
UNLOCK TABLES;

--
-- Table structure for table `users_links`
--

DROP TABLE IF EXISTS `users_links`;
/*!40101 SET @saved_cs_client     = @@character_set_client */;
/*!40101 SET character_set_client = utf8 */;
CREATE TABLE `users_links` (
  `id` int(10) unsigned NOT NULL AUTO_INCREMENT,
  `users_id` int(10) unsigned NOT NULL,
  `mangas_id` int(10) unsigned DEFAULT '0',
  `animes_id` int(10) unsigned DEFAULT '0',
  `gifts_id` int(10) unsigned DEFAULT '0',
  `manga_anime_status` int(1) unsigned DEFAULT NULL,
  `manga_anime_parts` int(5) unsigned DEFAULT NULL,
  `manga_anime_score` int(2) unsigned DEFAULT NULL,
  `manga_anime_user` varchar(64) COLLATE utf8_swedish_ci DEFAULT NULL,
  `gift_position` int(5) unsigned DEFAULT NULL,
  PRIMARY KEY (`id`)
) ENGINE=InnoDB DEFAULT CHARSET=utf8 COLLATE=utf8_swedish_ci;
/*!40101 SET character_set_client = @saved_cs_client */;

--
-- Dumping data for table `users_links`
--

LOCK TABLES `users_links` WRITE;
/*!40000 ALTER TABLE `users_links` DISABLE KEYS */;
/*!40000 ALTER TABLE `users_links` ENABLE KEYS */;
UNLOCK TABLES;
/*!40103 SET TIME_ZONE=@OLD_TIME_ZONE */;

/*!40101 SET SQL_MODE=@OLD_SQL_MODE */;
/*!40014 SET FOREIGN_KEY_CHECKS=@OLD_FOREIGN_KEY_CHECKS */;
/*!40014 SET UNIQUE_CHECKS=@OLD_UNIQUE_CHECKS */;
/*!40101 SET CHARACTER_SET_CLIENT=@OLD_CHARACTER_SET_CLIENT */;
/*!40101 SET CHARACTER_SET_RESULTS=@OLD_CHARACTER_SET_RESULTS */;
/*!40101 SET COLLATION_CONNECTION=@OLD_COLLATION_CONNECTION */;
/*!40111 SET SQL_NOTES=@OLD_SQL_NOTES */;

-- Dump completed on 2015-09-01 13:25:11
